Source,Target,Mean_CLR,Mean_DII,Observed_Diff,Empirical_p_value,FDR_adjusted_p_value,Significant
CD4+ T cells,CD8+ T cells,0.021172111018220148,0.00015566625155666251,0.021016444766663485,0.001998001998001998,0.47752247752247756,No
CD4+ T cells,CD4+ T cells,0.005320415823583945,0.0,0.005320415823583945,0.002997002997002997,0.47752247752247756,No
CD11b+CD68+ macrophages,Tregs,0.0029239766081871343,0.0,0.0029239766081871343,0.003996003996003996,0.47752247752247756,No
Tregs,CD11b+CD68+ macrophages,0.0006119951040391676,0.0,0.0006119951040391676,0.003996003996003996,0.47752247752247756,No
CD8+ T cells,CD4+ T cells,0.0030958216243263206,0.00013943112102621306,0.0029563905033001075,0.001998001998001998,0.47752247752247756,No
CD8+ T cells,smooth muscle,0.00041617277817534553,0.0034357347801810116,-0.003019562002005666,0.002997002997002997,0.47752247752247756,No
smooth muscle,CD4+ T cells CD45RO+,0.0003683639042138107,0.0023807971041955376,-0.002012433199981727,0.007992007992007992,0.6207792207792209,No
immune cells / vasculature,stroma,0.0015458267785205635,0.0,0.0015458267785205635,0.011988011988011988,0.6207792207792209,No
CD68+CD163+ macrophages,B cells,0.0027956322010402597,0.0007321262087754725,0.002063505992264787,0.007992007992007992,0.6207792207792209,No
adipocytes,vasculature,0.0,0.008547008547008546,-0.008547008547008546,0.012987012987012988,0.6207792207792209,No
stroma,immune cells / vasculature,0.000774160973483489,0.0,0.000774160973483489,0.011988011988011988,0.6207792207792209,No
CD8+ T cells,B cells,0.004598276535263719,0.0011274738687467977,0.003470802666516921,0.01098901098901099,0.6207792207792209,No
vasculature,adipocytes,0.0,0.00020512820512820514,-0.00020512820512820514,0.012987012987012988,0.6207792207792209,No
smooth muscle,CD8+ T cells,0.0004122775673536615,0.001881871215195136,-0.0014695936478414744,0.00999000999000999,0.6207792207792209,No
tumor cells,granulocytes,0.0021078543745966898,0.0059257600637550485,-0.0038179056891583588,0.012987012987012988,0.6207792207792209,No
tumor cells,CD68+CD163+ macrophages,0.00245724911752432,0.007760726273436527,-0.005303477155912207,0.014985014985014986,0.6715159840159841,No
CD4+ T cells,granulocytes,0.0005369046753287469,0.0,0.0005369046753287469,0.015984015984015984,0.674149380031733,No
CD8+ T cells,tumor cells / immune cells,0.0,0.000505050505050505,-0.000505050505050505,0.026973026973026972,0.7735864135864136,No
vasculature,tumor cells / immune cells,0.0,0.00036075036075036075,-0.00036075036075036075,0.026973026973026972,0.7735864135864136,No
granulocytes,granulocytes,0.010731262970353277,0.01985632219130455,-0.009125059220951274,0.026973026973026972,0.7735864135864136,No
tumor cells / immune cells,vasculature,0.0,0.003968253968253968,-0.003968253968253968,0.026973026973026972,0.7735864135864136,No
tumor cells / immune cells,tumor cells / immune cells,0.0,0.001554352186121139,-0.001554352186121139,0.026973026973026972,0.7735864135864136,No
tumor cells / immune cells,CD8+ T cells,0.0,0.005555555555555556,-0.005555555555555556,0.026973026973026972,0.7735864135864136,No
granulocytes,CD68+ macrophages,7.045230379033395e-05,0.0010492489287707149,-0.000978796624980381,0.022977022977022976,0.7735864135864136,No
CD4+ T cells CD45RO+,CD4+ T cells,0.0028401425434685596,0.0004485025138050306,0.002391640029663529,0.022977022977022976,0.7735864135864136,No
granulocytes,CD4+ T cells,0.0018775840665272016,0.0,0.0018775840665272016,0.029970029970029972,0.8223998223998223,No
CD68+ macrophages,tumor cells,0.023969275283847558,0.0044576717984635365,0.01951160348538402,0.030969030969030968,0.8223998223998223,No
tumor cells,B cells,0.004087238918990218,0.0010001345720922275,0.0030871043468979906,0.03596403596403597,0.8282030469530469,No
stroma,Tregs,2.6279827604330916e-05,0.0008655474720653225,-0.0008392676444609916,0.03696303696303696,0.8282030469530469,No
Tregs,CD4+ T cells,0.026262626262626265,0.0,0.026262626262626265,0.03596403596403597,0.8282030469530469,No
stroma,B cells,0.0034194566386967044,0.0006639940280644269,0.0027554626106322776,0.03596403596403597,0.8282030469530469,No
CD4+ T cells,Tregs,0.0007888069385930156,0.0,0.0007888069385930156,0.03596403596403597,0.8282030469530469,No
CD4+ T cells,plasma cells,0.0023948465327775672,0.0,0.0023948465327775672,0.04295704295704296,0.8555611055611057,No
tumor cells,tumor cells,0.03674239299517277,0.051793890413491375,-0.015051497418318606,0.04095904095904096,0.8555611055611057,No
CD8+ T cells,Tregs,4.763719512195122e-05,0.00048743826499401895,-0.00043980106987206774,0.04295704295704296,0.8555611055611057,No
plasma cells,CD4+ T cells,0.005952380952380952,0.0,0.005952380952380952,0.04095904095904096,0.8555611055611057,No
stroma,CD4+ T cells,0.0013205282112845138,0.0,0.0013205282112845138,0.04795204795204795,0.8999462076385153,No
CD4+ T cells,stroma,0.0008338091288095058,0.0,0.0008338091288095058,0.04795204795204795,0.8999462076385153,No
tumor cells,immune cells,0.0023515872244382306,4.244482173174873e-05,0.002309142402706482,0.04895104895104895,0.8999462076385153,No
CD3+ T cells,smooth muscle,0.0,0.0,0.0,1.0,1.0,No
CD3+ T cells,CD11b+CD68+ macrophages,0.0,0.0,0.0,1.0,1.0,No
CD3+ T cells,B cells,0.0053475935828877,0.0,0.0053475935828877,0.5034965034965035,1.0,No
CD3+ T cells,CD11c+ DCs,0.0,0.0,0.0,1.0,1.0,No
CD3+ T cells,CD4+ T cells,0.0,0.0,0.0,1.0,1.0,No
CD3+ T cells,Tregs,0.0,0.0,0.0,1.0,1.0,No
CD3+ T cells,CD8+ T cells,0.0,0.0007158196134574087,-0.0007158196134574087,0.5424575424575424,1.0,No
CD3+ T cells,plasma cells,0.0,0.0,0.0,1.0,1.0,No
CD3+ T cells,adipocytes,0.0,0.0,0.0,1.0,1.0,No
CD3+ T cells,CD68+CD163+ macrophages,0.0,0.0007158196134574087,-0.0007158196134574087,0.5424575424575424,1.0,No
CD3+ T cells,stroma,0.0,0.0014316392269148174,-0.0014316392269148174,0.5424575424575424,1.0,No
CD3+ T cells,tumor cells,0.0,0.0,0.0,1.0,1.0,No
CD3+ T cells,CD4+ T cells CD45RO+,0.0,0.0,0.0,1.0,1.0,No
CD3+ T cells,vasculature,0.0,0.0,0.0,1.0,1.0,No
CD3+ T cells,granulocytes,0.0,0.0,0.0,1.0,1.0,No
CD163+ macrophages,CD3+ T cells,0.0,0.0,0.0,1.0,1.0,No
granulocytes,immune cells / vasculature,0.0023906814839902693,0.0004409779966483309,0.0019497034873419384,0.2777222777222777,1.0,No
granulocytes,tumor cells / immune cells,0.0,0.0,0.0,1.0,1.0,No
granulocytes,smooth muscle,0.005615454465004231,0.0035074080773193376,0.0021080463876848934,0.6203796203796204,1.0,No
granulocytes,CD11b+CD68+ macrophages,4.9558925562493803e-05,0.0005130990700913502,-0.0004635401445288564,0.1088911088911089,1.0,No
granulocytes,B cells,0.0007474784584456389,0.0007115002022380992,3.5978256207539654e-05,0.954045954045954,1.0,No
granulocytes,CD11c+ DCs,0.0001919906254727649,0.0002792719313641479,-8.7281305891383e-05,0.7672327672327672,1.0,No
granulocytes,Tregs,0.0027754934210526315,0.0006808311560481984,0.002094662265004433,0.44955044955044954,1.0,No
granulocytes,CD8+ T cells,0.0008848059894392682,0.0014557078739579976,-0.0005709018845187295,0.4355644355644356,1.0,No
granulocytes,plasma cells,0.0005385881055807803,0.00115751255691057,-0.0006189244513297897,0.35064935064935066,1.0,No
granulocytes,adipocytes,0.0012958874989780068,0.00039245892456901633,0.0009034285744089905,0.987012987012987,1.0,No
granulocytes,CD68+CD163+ macrophages,0.007316138092225324,0.007287752596781978,2.8385495443346634e-05,0.988011988011988,1.0,No
granulocytes,stroma,0.0028690643576405076,0.0016289125971234103,0.0012401517605170973,0.5344655344655345,1.0,No
granulocytes,tumor cells,0.00777408199683702,0.008756961553943279,-0.0009828795571062594,0.7672327672327672,1.0,No
granulocytes,CD4+ T cells CD45RO+,0.001107066499191043,0.0017116248133689045,-0.0006045583141778615,0.5084915084915085,1.0,No
CD3+ T cells,tumor cells / immune cells,0.0,0.0,0.0,1.0,1.0,No
CD4+ T cells CD45RO+,CD3+ T cells,0.0,0.0,0.0,1.0,1.0,No
CD4+ T cells CD45RO+,CD163+ macrophages,0.0,0.0,0.0,1.0,1.0,No
CD4+ T cells CD45RO+,CD4+ T cells GATA3+,0.0,0.0,0.0,1.0,1.0,No
CD4+ T cells CD45RO+,CD11b+ monocytes,0.00018221574344023323,0.00029214139643587495,-0.00010992565299564172,0.939060939060939,1.0,No
CD4+ T cells CD45RO+,lymphatics,0.0,0.0,0.0,1.0,1.0,No
CD4+ T cells CD45RO+,CD68+ macrophages,0.0030755757044974496,0.00029730238444461324,0.002778273320052836,0.2947052947052947,1.0,No
CD4+ T cells CD45RO+,CD68+ macrophages GzmB+,0.0,0.0,0.0,1.0,1.0,No
CD4+ T cells CD45RO+,nerves,0.0,0.0,0.0,1.0,1.0,No
CD4+ T cells CD45RO+,NK cells,0.0,0.0,0.0,1.0,1.0,No
CD4+ T cells CD45RO+,immune cells,0.001132549790402811,7.346998751010212e-05,0.0010590798028927088,0.18281718281718282,1.0,No
CD4+ T cells CD45RO+,immune cells / vasculature,0.00020833333333333332,0.0002927400468384075,-8.440671350507417e-05,0.9370629370629371,1.0,No
CD4+ T cells CD45RO+,tumor cells / immune cells,0.0003106210380957014,0.0,0.0003106210380957014,0.21078921078921078,1.0,No
CD4+ T cells CD45RO+,smooth muscle,0.0019854586210143388,0.004469837437033482,-0.0024843788160191435,0.1958041958041958,1.0,No
CD4+ T cells CD45RO+,CD11b+CD68+ macrophages,0.0,0.0,0.0,1.0,1.0,No
CD4+ T cells CD45RO+,B cells,0.004312519837708421,0.002017223694869061,0.0022952961428393598,0.12087912087912088,1.0,No
CD4+ T cells CD45RO+,CD11c+ DCs,0.0,0.0,0.0,1.0,1.0,No
tumor cells,tumor cells / immune cells,0.0002918271948224572,0.0007520211791760204,-0.00046019398435356325,0.3036963036963037,1.0,No
tumor cells,smooth muscle,0.006692968113174226,0.003767128367013644,0.0029258397461605816,0.9050949050949051,1.0,No
tumor cells,CD11b+CD68+ macrophages,0.0,0.0004450015033211407,-0.0004450015033211407,0.6283716283716284,1.0,No
tumor cells,CD11c+ DCs,0.0005787037037037037,0.00025445481157933015,0.0003242488921243735,0.7502497502497503,1.0,No
tumor cells,CD4+ T cells,0.0005281385281385282,0.00022956841138659323,0.00029857011675193495,0.5034965034965035,1.0,No
tumor cells,Tregs,0.00010697947738412964,0.00041300498601360737,-0.00030602550862947775,0.17682317682317683,1.0,No
tumor cells,CD8+ T cells,0.0017612351279047613,0.0008371833212437334,0.000924051806661028,0.26373626373626374,1.0,No
tumor cells,plasma cells,0.001573431272757568,0.001031071425880931,0.000542359846876637,0.5724275724275725,1.0,No
tumor cells,adipocytes,0.0015243366458232625,0.0007634877872281937,0.0007608488585950688,0.8351648351648352,1.0,No
tumor cells,stroma,0.0059714704795369835,0.004931723071098002,0.0010397474084389811,0.5854145854145855,1.0,No
tumor cells,CD4+ T cells CD45RO+,0.004210049744580048,0.0015887383359598566,0.002621311408620192,0.11588411588411589,1.0,No
tumor cells,vasculature,0.00126236501105515,0.001000560950627832,0.0002618040604273179,0.6893106893106893,1.0,No
CD4+ T cells CD45RO+,Tregs,0.0006730885366338767,0.001350914589247151,-0.0006778260526132743,0.25674325674325676,1.0,No
CD4+ T cells CD45RO+,CD8+ T cells,0.0026208583654016536,0.002931601612039043,-0.0003107432466373894,0.8081918081918081,1.0,No
CD4+ T cells CD45RO+,plasma cells,0.001701190945760791,0.0008414625368694545,0.0008597284088913366,0.2897102897102897,1.0,No
CD4+ T cells CD45RO+,adipocytes,8.94671844827608e-05,0.00017417140515342452,-8.470422067066372e-05,0.5644355644355644,1.0,No
CD4+ T cells CD45RO+,CD68+CD163+ macrophages,0.005888559711818121,0.007688353758157998,-0.0017997940463398776,0.5244755244755245,1.0,No
CD4+ T cells CD45RO+,stroma,0.0034504343703685427,0.00537312404763772,-0.0019226896772691774,0.3996003996003996,1.0,No
CD4+ T cells CD45RO+,tumor cells,0.01081788013161231,0.004315150629221403,0.006502729502390907,0.3196803196803197,1.0,No
CD4+ T cells CD45RO+,CD4+ T cells CD45RO+,0.008642053588533594,0.006908636081890731,0.0017334175066428623,0.7482517482517482,1.0,No
CD4+ T cells CD45RO+,vasculature,0.0022997855309065756,0.0013274598940147594,0.0009723256368918162,0.7422577422577422,1.0,No
CD4+ T cells CD45RO+,granulocytes,0.0032694923378459523,0.002186611090099406,0.0010828812477465463,0.8381618381618382,1.0,No
vasculature,CD3+ T cells,0.0,0.0,0.0,1.0,1.0,No
vasculature,CD163+ macrophages,0.0,0.0,0.0,1.0,1.0,No
vasculature,CD4+ T cells GATA3+,0.0,0.0,0.0,1.0,1.0,No
vasculature,CD11b+ monocytes,0.0,0.0,0.0,1.0,1.0,No
vasculature,lymphatics,0.0,0.0002962962962962963,-0.0002962962962962963,0.997002997002997,1.0,No
stroma,stroma,0.009786445511559135,0.009928326815041778,-0.00014188130348264348,0.951048951048951,1.0,No
stroma,tumor cells,0.008018508735328327,0.005266329468952084,0.0027521792663762427,0.25074925074925075,1.0,No
stroma,CD4+ T cells CD45RO+,0.002313259458992488,0.003335469902460455,-0.0010222104434679672,0.4915084915084915,1.0,No
stroma,vasculature,0.004486476787263975,0.003134378443012414,0.0013520983442515612,0.5114885114885115,1.0,No
stroma,granulocytes,0.0030335417341823025,0.005043161174676379,-0.002009619440494077,0.46553446553446554,1.0,No
tumor cells,CD3+ T cells,0.0,0.0,0.0,1.0,1.0,No
tumor cells,CD163+ macrophages,0.0,0.0,0.0,1.0,1.0,No
tumor cells,CD4+ T cells GATA3+,0.0,0.0,0.0,1.0,1.0,No
tumor cells,CD11b+ monocytes,0.0,0.0015873015873015873,-0.0015873015873015873,0.8421578421578422,1.0,No
tumor cells,lymphatics,0.0,0.0,0.0,1.0,1.0,No
tumor cells,CD68+ macrophages,0.0006649055578486828,0.0004582085017183713,0.00020669705613031143,0.7442557442557443,1.0,No
tumor cells,CD68+ macrophages GzmB+,0.0007287599381894581,0.0,0.0007287599381894581,0.07692307692307693,1.0,No
tumor cells,nerves,0.00014894017357762292,1.4099798372883268e-05,0.00013484037520473965,0.3966033966033966,1.0,No
tumor cells,NK cells,0.0,0.0,0.0,1.0,1.0,No
tumor cells,immune cells / vasculature,0.0013042568170180855,0.0005339496315537836,0.0007703071854643019,0.3086913086913087,1.0,No
stroma,CD68+ macrophages GzmB+,0.0,0.0,0.0,1.0,1.0,No
stroma,nerves,0.000986302380030603,0.0004034477360427517,0.0005828546439878514,0.8611388611388612,1.0,No
stroma,NK cells,0.0,0.000529100529100529,-0.000529100529100529,0.7712287712287712,1.0,No
stroma,immune cells,0.0018672102513565929,0.00010330578512396694,0.001763904466232626,0.4865134865134865,1.0,No
stroma,tumor cells / immune cells,6.279434850863422e-05,0.0,6.279434850863422e-05,0.985014985014985,1.0,No
stroma,smooth muscle,0.00575803954311379,0.00593630899068743,-0.00017826944757364047,0.936063936063936,1.0,No
stroma,CD11b+CD68+ macrophages,0.00021394950791613182,0.0006236519097044279,-0.00040970240178829606,0.4835164835164835,1.0,No
stroma,CD11c+ DCs,0.00017361111111111112,6.464124111182935e-05,0.00010896986999928177,0.6713286713286714,1.0,No
stroma,CD8+ T cells,0.0028592471541709543,0.003962298585282205,-0.0011030514311112507,0.5984015984015985,1.0,No
stroma,plasma cells,0.0021225330895368816,0.0010700950385210313,0.0010524380510158503,0.22577422577422576,1.0,No
stroma,adipocytes,0.0023811581066791043,0.00028883982938977717,0.002092318277289327,0.16883116883116883,1.0,No
stroma,CD68+CD163+ macrophages,0.008244198571490072,0.007129965406328346,0.0011142331651617255,0.8331668331668332,1.0,No
CD68+CD163+ macrophages,Tregs,0.0004190597943815234,0.0004566366730031049,-3.757687862158152e-05,0.8731268731268731,1.0,No
CD68+CD163+ macrophages,CD8+ T cells,0.002511346384683646,0.0031264849516664606,-0.0006151385669828147,0.41858141858141856,1.0,No
CD68+CD163+ macrophages,plasma cells,0.001441712081591252,0.001264734937646024,0.00017697714394522795,0.7052947052947053,1.0,No
CD68+CD163+ macrophages,adipocytes,0.002927618887012966,0.00023627793777473554,0.0026913409492382305,0.21678321678321677,1.0,No
CD68+CD163+ macrophages,CD68+CD163+ macrophages,0.01723547472600399,0.01998094049944077,-0.002745465773436779,0.33966033966033965,1.0,No
CD68+CD163+ macrophages,stroma,0.004215888335470854,0.0035153254710431317,0.0007005628644277226,0.5174825174825175,1.0,No
CD68+CD163+ macrophages,tumor cells,0.004192893293735125,0.0037968710908409223,0.00039602220289420295,0.7932067932067932,1.0,No
CD68+CD163+ macrophages,CD4+ T cells CD45RO+,0.0030045425468655843,0.0019324162696810485,0.0010721262771845358,0.2137862137862138,1.0,No
CD68+CD163+ macrophages,vasculature,0.0014716047109119396,0.0012499012558396519,0.00022170345507228776,0.7322677322677322,1.0,No
CD68+CD163+ macrophages,granulocytes,0.0029613450188990696,0.003983184752214882,-0.0010218397333158127,0.3066933066933067,1.0,No
stroma,CD3+ T cells,0.0,0.00030152268958239106,-0.00030152268958239106,0.5424575424575424,1.0,No
stroma,CD163+ macrophages,0.00043956043956043956,0.0,0.00043956043956043956,0.24175824175824176,1.0,No
stroma,CD4+ T cells GATA3+,0.0,0.0,0.0,1.0,1.0,No
stroma,CD11b+ monocytes,0.002976190476190476,0.008739281153074256,-0.00576309067688378,0.4935064935064935,1.0,No
stroma,lymphatics,0.0,0.0010730001754266564,-0.0010730001754266564,0.35564435564435565,1.0,No
stroma,CD68+ macrophages,0.0004564846317189674,0.001001627252073768,-0.0005451426203548007,0.4355644355644356,1.0,No
CD68+CD163+ macrophages,CD163+ macrophages,0.0,0.00011848341232227489,-0.00011848341232227489,0.8201798201798202,1.0,No
CD68+CD163+ macrophages,CD4+ T cells GATA3+,0.0,0.0,0.0,1.0,1.0,No
CD68+CD163+ macrophages,CD11b+ monocytes,0.0,0.00035085939215032715,-0.00035085939215032715,0.4155844155844156,1.0,No
CD68+CD163+ macrophages,lymphatics,0.0,0.0,0.0,1.0,1.0,No
CD68+CD163+ macrophages,CD68+ macrophages,0.0007385943889897363,0.002581203366188286,-0.0018426089771985499,0.19880119880119881,1.0,No
CD68+CD163+ macrophages,CD68+ macrophages GzmB+,0.00012297097884899163,0.00041666666666666664,-0.000293695687817675,0.951048951048951,1.0,No
CD68+CD163+ macrophages,nerves,0.00013550135501355014,0.0,0.00013550135501355014,0.2007992007992008,1.0,No
CD68+CD163+ macrophages,NK cells,0.0,0.0,0.0,1.0,1.0,No
CD68+CD163+ macrophages,immune cells,0.0017388516080978267,0.0007352941176470588,0.0010035574904507679,0.3826173826173826,1.0,No
CD68+CD163+ macrophages,immune cells / vasculature,0.000788341878559447,0.0002740812414060673,0.0005142606371533796,0.12687312687312688,1.0,No
CD68+CD163+ macrophages,tumor cells / immune cells,0.00042519218135726473,0.00012077294685990338,0.00030441923449736136,0.4515484515484515,1.0,No
CD68+CD163+ macrophages,smooth muscle,0.002388958641112711,0.004198574993897317,-0.0018096163527846058,0.08491508491508491,1.0,No
CD68+CD163+ macrophages,CD11b+CD68+ macrophages,0.00013617238000871503,0.0003601732674561431,-0.00022400088744742807,0.4175824175824176,1.0,No
CD68+CD163+ macrophages,CD11c+ DCs,0.00010016025641025641,0.0003100058921206278,-0.00020984563571037137,0.6073926073926074,1.0,No
CD68+CD163+ macrophages,CD4+ T cells,0.0005412127990963139,0.00034670163272534346,0.0001945111663709704,0.5924075924075924,1.0,No
adipocytes,smooth muscle,0.0007777149321266968,0.001282051282051282,-0.0005043363499245853,0.7622377622377622,1.0,No
adipocytes,CD11b+CD68+ macrophages,0.0,0.0,0.0,1.0,1.0,No
adipocytes,B cells,0.0007940251572327044,0.0,0.0007940251572327044,0.5044955044955045,1.0,No
adipocytes,CD11c+ DCs,0.0,0.0,0.0,1.0,1.0,No
adipocytes,CD4+ T cells,0.0,0.0017543859649122805,-0.0017543859649122805,0.5994005994005994,1.0,No
adipocytes,Tregs,0.0,0.0,0.0,1.0,1.0,No
adipocytes,CD8+ T cells,0.006172839506172839,0.00030165912518853697,0.005871180380984302,0.997002997002997,1.0,No
adipocytes,plasma cells,0.00033233632436025255,0.0007722007722007722,-0.00043986444784051965,0.5144855144855145,1.0,No
adipocytes,adipocytes,0.003991769547325103,0.002658170232134729,0.0013335993151903738,0.7052947052947053,1.0,No
adipocytes,CD68+CD163+ macrophages,0.02467123936628768,0.002891093082689903,0.021780146283597774,0.23776223776223776,1.0,No
adipocytes,stroma,0.020729177103764033,0.01221001221001221,0.008519164893751823,0.9760239760239761,1.0,No
adipocytes,tumor cells,0.06869655235090245,0.05867922347212288,0.010017328878779576,0.8131868131868132,1.0,No
adipocytes,CD4+ T cells CD45RO+,0.004861111111111111,0.002196796338672769,0.002664314772438342,0.8061938061938062,1.0,No
adipocytes,granulocytes,0.019079685746352413,0.017948717948717947,0.0011309677976344655,0.999000999000999,1.0,No
CD68+CD163+ macrophages,CD3+ T cells,0.0,0.0002525252525252525,-0.0002525252525252525,0.5424575424575424,1.0,No
plasma cells,tumor cells,0.004792703445581045,0.003544610810402282,0.001248092635178763,0.6243756243756243,1.0,No
plasma cells,CD4+ T cells CD45RO+,0.005426490558249558,0.002525779886102126,0.002900710672147432,0.24775224775224775,1.0,No
plasma cells,vasculature,0.0014353297536411987,0.0005980653952620679,0.0008372643583791307,0.3546453546453546,1.0,No
plasma cells,granulocytes,0.004091917605261961,0.005057790892437644,-0.0009658732871756833,0.8281718281718282,1.0,No
adipocytes,CD3+ T cells,0.0,0.0,0.0,1.0,1.0,No
adipocytes,CD163+ macrophages,0.0,0.0,0.0,1.0,1.0,No
adipocytes,CD4+ T cells GATA3+,0.0,0.0,0.0,1.0,1.0,No
adipocytes,CD11b+ monocytes,0.0,0.0,0.0,1.0,1.0,No
adipocytes,lymphatics,0.0,0.0,0.0,1.0,1.0,No
adipocytes,CD68+ macrophages,0.0,0.0,0.0,1.0,1.0,No
adipocytes,CD68+ macrophages GzmB+,0.0,0.0,0.0,1.0,1.0,No
adipocytes,nerves,0.0,0.0,0.0,1.0,1.0,No
adipocytes,NK cells,0.0,0.0,0.0,1.0,1.0,No
adipocytes,immune cells,0.0,0.0,0.0,1.0,1.0,No
adipocytes,immune cells / vasculature,0.0,0.0,0.0,1.0,1.0,No
adipocytes,tumor cells / immune cells,0.0007215007215007215,0.008,-0.007278499278499278,0.11188811188811189,1.0,No
plasma cells,nerves,0.0,0.0,0.0,1.0,1.0,No
plasma cells,NK cells,0.0,0.0,0.0,1.0,1.0,No
plasma cells,immune cells,0.0005064247921390779,0.0,0.0005064247921390779,0.3146853146853147,1.0,No
plasma cells,immune cells / vasculature,0.001984126984126984,0.0009300998762741604,0.0010540271078528236,0.6403596403596403,1.0,No
plasma cells,tumor cells / immune cells,0.0,0.0,0.0,1.0,1.0,No
plasma cells,smooth muscle,0.00096617649834365,0.0024413212311762333,-0.0014751447328325833,0.47352647352647353,1.0,No
plasma cells,CD11b+CD68+ macrophages,0.0,6.032090722644469e-05,-6.032090722644469e-05,0.998001998001998,1.0,No
plasma cells,B cells,0.0028559876833333404,0.0011210461894928525,0.0017349414938404879,0.2787212787212787,1.0,No
plasma cells,CD11c+ DCs,0.0,0.0,0.0,1.0,1.0,No
plasma cells,Tregs,0.0,8.067769261799113e-05,-8.067769261799113e-05,0.8691308691308691,1.0,No
plasma cells,CD8+ T cells,0.0008984601037434791,0.0022875879558946852,-0.0013891278521512061,0.2917082917082917,1.0,No
plasma cells,plasma cells,0.004325283693187633,0.012452823496232135,-0.008127539803044502,0.3546453546453546,1.0,No
plasma cells,adipocytes,0.00045599635202918376,0.0006756756756756757,-0.00021967932364649195,0.5154845154845155,1.0,No
plasma cells,CD68+CD163+ macrophages,0.006115673313122368,0.005159788260109397,0.0009558850530129708,0.6833166833166833,1.0,No
plasma cells,stroma,0.0040046002622759445,0.0017603238292886719,0.0022442764329872727,0.21978021978021978,1.0,No
CD8+ T cells,CD8+ T cells,0.007944469417475113,0.010712964893647496,-0.002768495476172384,0.2677322677322677,1.0,No
CD8+ T cells,plasma cells,0.000680646373587832,0.0014574282863444627,-0.0007767819127566306,0.3076923076923077,1.0,No
CD8+ T cells,adipocytes,0.00022311468094600627,0.00011148272017837236,0.00011163196076763391,0.997002997002997,1.0,No
CD8+ T cells,CD68+CD163+ macrophages,0.005171020479795713,0.009391613962955587,-0.004220593483159874,0.0899100899100899,1.0,No
CD8+ T cells,stroma,0.002574243944699666,0.002410133003295687,0.00016411094140397894,0.919080919080919,1.0,No
CD8+ T cells,tumor cells,0.002597368294486038,0.002150665853906832,0.00044670244057920614,0.7222777222777222,1.0,No
CD8+ T cells,CD4+ T cells CD45RO+,0.0036669944540208654,0.00202102673227344,0.0016459677217474256,0.2007992007992008,1.0,No
CD8+ T cells,vasculature,0.0009042555970083908,0.0004564648490291273,0.00044779074797926354,0.3126873126873127,1.0,No
CD8+ T cells,granulocytes,0.0017310814478161227,0.0017479917496129212,-1.691030179679846e-05,0.987012987012987,1.0,No
plasma cells,CD3+ T cells,0.0,0.0,0.0,1.0,1.0,No
plasma cells,CD163+ macrophages,0.0,0.0,0.0,1.0,1.0,No
plasma cells,CD4+ T cells GATA3+,0.0,0.0,0.0,1.0,1.0,No
plasma cells,CD11b+ monocytes,0.0,0.0,0.0,1.0,1.0,No
plasma cells,lymphatics,0.0,0.00012064181445288938,-0.00012064181445288938,0.995004995004995,1.0,No
plasma cells,CD68+ macrophages,0.0,0.0,0.0,1.0,1.0,No
plasma cells,CD68+ macrophages GzmB+,0.0,0.0,0.0,1.0,1.0,No
CD8+ T cells,CD4+ T cells GATA3+,0.0011312217194570137,0.0,0.0011312217194570137,0.6741116751269035,1.0,No
CD8+ T cells,CD11b+ monocytes,0.0,0.0002987012987012987,-0.0002987012987012987,0.3886113886113886,1.0,No
CD8+ T cells,lymphatics,0.0,0.0,0.0,1.0,1.0,No
CD8+ T cells,CD68+ macrophages,8.544817568144919e-05,0.00014887012707006476,-6.342195138861557e-05,0.7662337662337663,1.0,No
CD8+ T cells,CD68+ macrophages GzmB+,0.0,0.0,0.0,1.0,1.0,No
CD8+ T cells,nerves,0.0013550135501355014,0.00013053126223730585,0.0012244822878981956,0.5894105894105894,1.0,No
CD8+ T cells,NK cells,0.0,0.0002380952380952381,-0.0002380952380952381,0.7712287712287712,1.0,No
CD8+ T cells,immune cells,0.0018852616404461014,0.0003787878787878788,0.0015064737616582225,0.18281718281718282,1.0,No
CD8+ T cells,immune cells / vasculature,0.00033028455284552844,0.0004842606783727482,-0.00015397612552721975,0.7572427572427572,1.0,No
CD8+ T cells,CD11b+CD68+ macrophages,0.0,0.0007676341781678755,-0.0007676341781678755,0.3276723276723277,1.0,No
CD8+ T cells,CD11c+ DCs,0.0009881315331010452,0.0,0.0009881315331010452,0.06293706293706294,1.0,No
vasculature,CD68+ macrophages,0.0002065688907250568,0.0006208144796380091,-0.0004142455889129523,0.5264735264735265,1.0,No
vasculature,CD68+ macrophages GzmB+,0.0,0.0,0.0,1.0,1.0,No
vasculature,nerves,0.0,0.0,0.0,1.0,1.0,No
vasculature,NK cells,0.0,0.0,0.0,1.0,1.0,No
vasculature,immune cells,0.0022060176665439826,0.00015625,0.0020497676665439824,0.2997002997002997,1.0,No
vasculature,immune cells / vasculature,0.0005553539019963701,0.0035235496115249947,-0.0029681957095286245,0.5544455544455544,1.0,No
vasculature,smooth muscle,0.004259445844168056,0.006186344462385327,-0.0019268986182172706,0.3826173826173826,1.0,No
vasculature,CD11b+CD68+ macrophages,0.0,0.00039135290249368246,-0.00039135290249368246,0.26173826173826176,1.0,No
vasculature,B cells,0.0019930152636728916,0.0006467579901835957,0.0013462572734892959,0.10589410589410589,1.0,No
vasculature,CD11c+ DCs,0.0,0.0,0.0,1.0,1.0,No
vasculature,CD4+ T cells,0.0003007518796992481,0.0,0.0003007518796992481,0.0999000999000999,1.0,No
vasculature,Tregs,0.00023674242424242425,0.00021238090964837499,2.4361514594049263e-05,0.8051948051948052,1.0,No
vasculature,CD8+ T cells,0.0010384565407008089,0.0034845936825142923,-0.0024461371418134834,0.5374625374625375,1.0,No
vasculature,plasma cells,0.0023406165635618164,0.0005930600259410089,0.0017475565376208076,0.15784215784215785,1.0,No
Tregs,B cells,0.009241871455231377,0.0012865264448974855,0.007955345010333893,0.06893106893106893,1.0,No
Tregs,CD11c+ DCs,0.0,0.0,0.0,1.0,1.0,No
Tregs,Tregs,0.0030307112068965517,0.006191981854273183,-0.003161270647376631,0.3786213786213786,1.0,No
Tregs,CD8+ T cells,0.0006009615384615385,0.0020824428484894604,-0.001481481310027922,0.1838161838161838,1.0,No
Tregs,plasma cells,0.0,0.0016583747927031507,-0.0016583747927031507,0.8691308691308691,1.0,No
Tregs,adipocytes,0.0,0.0,0.0,1.0,1.0,No
Tregs,CD68+CD163+ macrophages,0.016523525469016746,0.004960459352157952,0.011563066116858794,0.1888111888111888,1.0,No
Tregs,stroma,0.0006901311249137336,0.0018920004627623244,-0.0012018693378485906,0.3276723276723277,1.0,No
Tregs,tumor cells,0.0027777777777777775,0.0029986655718856033,-0.00022088779410782584,0.9180819180819181,1.0,No
Tregs,CD4+ T cells CD45RO+,0.009060734819150363,0.00548771236829688,0.0035730224508534834,0.5334665334665335,1.0,No
Tregs,vasculature,0.0007267441860465116,0.0006774749985668797,4.926918747963187e-05,0.8531468531468531,1.0,No
Tregs,granulocytes,0.0171875,0.003686820450124833,0.013500679549875168,0.7372627372627373,1.0,No
CD8+ T cells,CD3+ T cells,0.0,0.0005577244841048522,-0.0005577244841048522,0.5424575424575424,1.0,No
CD8+ T cells,CD163+ macrophages,0.0,0.0,0.0,1.0,1.0,No
CD4+ T cells,CD4+ T cells CD45RO+,0.006179325702819609,0.013751646903820818,-0.007572321201001209,0.922077922077922,1.0,No
CD4+ T cells,vasculature,5.360493165371214e-05,0.0,5.360493165371214e-05,0.0999000999000999,1.0,No
Tregs,CD3+ T cells,0.0,0.0,0.0,1.0,1.0,No
Tregs,CD163+ macrophages,0.0,0.0,0.0,1.0,1.0,No
Tregs,CD4+ T cells GATA3+,0.0,0.0,0.0,1.0,1.0,No
Tregs,CD11b+ monocytes,0.0,0.0,0.0,1.0,1.0,No
Tregs,lymphatics,0.0,0.0,0.0,1.0,1.0,No
Tregs,CD68+ macrophages,0.0,0.0,0.0,1.0,1.0,No
Tregs,CD68+ macrophages GzmB+,0.0,0.0,0.0,1.0,1.0,No
Tregs,nerves,0.0005574136008918618,0.0,0.0005574136008918618,0.0989010989010989,1.0,No
Tregs,NK cells,0.0,0.0,0.0,1.0,1.0,No
Tregs,immune cells,0.006097560975609756,0.0,0.006097560975609756,0.6663336663336663,1.0,No
Tregs,immune cells / vasculature,0.0,0.0,0.0,1.0,1.0,No
Tregs,tumor cells / immune cells,0.001278772378516624,0.0,0.001278772378516624,0.954045954045954,1.0,No
Tregs,smooth muscle,0.0,0.002642602342547209,-0.002642602342547209,0.10589410589410589,1.0,No
CD4+ T cells,NK cells,0.0,0.0,0.0,1.0,1.0,No
CD4+ T cells,immune cells,0.006761894566772615,0.00022831050228310502,0.00653358406448951,0.14685314685314685,1.0,No
CD4+ T cells,immune cells / vasculature,0.0,0.0,0.0,1.0,1.0,No
CD4+ T cells,tumor cells / immune cells,0.0002652519893899204,0.0,0.0002652519893899204,0.33966033966033965,1.0,No
CD4+ T cells,smooth muscle,5.5181547290586025e-05,0.0,5.5181547290586025e-05,0.07192807192807193,1.0,No
CD4+ T cells,CD11b+CD68+ macrophages,0.0,0.0,0.0,1.0,1.0,No
CD4+ T cells,B cells,0.006022309309357699,0.025155666251556665,-0.019133356942198965,0.926073926073926,1.0,No
CD4+ T cells,CD11c+ DCs,0.0005370569280343716,0.0,0.0005370569280343716,0.26673326673326675,1.0,No
CD4+ T cells,adipocytes,0.0,0.00045662100456621003,-0.00045662100456621003,0.5994005994005994,1.0,No
CD4+ T cells,CD68+CD163+ macrophages,0.0004164458844556825,0.026911352403695906,-0.026494906519240222,0.4015984015984016,1.0,No
CD4+ T cells,tumor cells,0.00029872201672422554,0.0017482517482517483,-0.0014495297315275228,0.99000999000999,1.0,No
CD11c+ DCs,plasma cells,0.0,0.0,0.0,1.0,1.0,No
CD11c+ DCs,adipocytes,0.0,0.0,0.0,1.0,1.0,No
CD11c+ DCs,CD68+CD163+ macrophages,0.010416666666666666,0.0287488908606921,-0.018332224194025436,0.8471528471528471,1.0,No
CD11c+ DCs,stroma,0.010416666666666666,0.009523809523809523,0.0008928571428571432,0.8701298701298701,1.0,No
CD11c+ DCs,tumor cells,0.015625,0.00479148181011535,0.01083351818988465,0.7642357642357642,1.0,No
CD11c+ DCs,CD4+ T cells CD45RO+,0.0,0.0,0.0,1.0,1.0,No
CD11c+ DCs,vasculature,0.0,0.0,0.0,1.0,1.0,No
CD11c+ DCs,granulocytes,0.0035353535353535356,0.01464063886424135,-0.011105285328887814,0.8591408591408591,1.0,No
CD4+ T cells,CD3+ T cells,0.0,0.0,0.0,1.0,1.0,No
CD4+ T cells,CD163+ macrophages,0.0,0.0,0.0,1.0,1.0,No
CD4+ T cells,CD4+ T cells GATA3+,0.0,0.0,0.0,1.0,1.0,No
CD4+ T cells,CD11b+ monocytes,0.0,0.0,0.0,1.0,1.0,No
CD4+ T cells,lymphatics,0.0,0.0,0.0,1.0,1.0,No
CD4+ T cells,CD68+ macrophages,0.0,0.0,0.0,1.0,1.0,No
CD4+ T cells,CD68+ macrophages GzmB+,0.0,0.0,0.0,1.0,1.0,No
CD4+ T cells,nerves,0.0,0.0,0.0,1.0,1.0,No
CD11c+ DCs,CD11b+ monocytes,0.0,0.0,0.0,1.0,1.0,No
CD11c+ DCs,lymphatics,0.0,0.0,0.0,1.0,1.0,No
CD11c+ DCs,CD68+ macrophages,0.0,0.0,0.0,1.0,1.0,No
CD11c+ DCs,CD68+ macrophages GzmB+,0.0,0.0,0.0,1.0,1.0,No
CD11c+ DCs,nerves,0.0,0.0,0.0,1.0,1.0,No
CD11c+ DCs,NK cells,0.0,0.0,0.0,1.0,1.0,No
CD11c+ DCs,immune cells,0.0,0.0,0.0,1.0,1.0,No
CD11c+ DCs,immune cells / vasculature,0.0,0.0,0.0,1.0,1.0,No
CD11c+ DCs,tumor cells / immune cells,0.0,0.0,0.0,1.0,1.0,No
CD11c+ DCs,smooth muscle,0.0,0.014285714285714285,-0.014285714285714285,0.7642357642357642,1.0,No
CD11c+ DCs,CD11b+CD68+ macrophages,0.0,0.0,0.0,1.0,1.0,No
CD11c+ DCs,B cells,0.0,0.0,0.0,1.0,1.0,No
CD11c+ DCs,CD11c+ DCs,0.0,0.00035492457852706296,-0.00035492457852706296,0.7162837162837162,1.0,No
CD11c+ DCs,CD4+ T cells,0.0011695906432748538,0.0,0.0011695906432748538,0.26673326673326675,1.0,No
CD11c+ DCs,Tregs,0.0,0.0,0.0,1.0,1.0,No
CD11c+ DCs,CD8+ T cells,0.013194444444444443,0.0,0.013194444444444443,0.07792207792207792,1.0,No
B cells,B cells,0.01447878505415297,0.007360763800943121,0.0071180212532098485,0.11488511488511488,1.0,No
B cells,CD11c+ DCs,0.0,0.0,0.0,1.0,1.0,No
B cells,CD4+ T cells,0.0016853613335056604,0.0005050991121372353,0.001180262221368425,0.07592407592407592,1.0,No
B cells,Tregs,0.00011871403525366068,0.00034136615531964366,-0.00022265212006598298,0.6923076923076923,1.0,No
B cells,CD8+ T cells,0.002426217432092869,0.0029177642439288665,-0.0004915468118359976,0.939060939060939,1.0,No
B cells,plasma cells,0.0004231273935028771,0.0009209301069443304,-0.0004978027134414533,0.4405594405594406,1.0,No
B cells,adipocytes,4.842905205022435e-05,0.0,4.842905205022435e-05,0.5044955044955045,1.0,No
B cells,CD68+CD163+ macrophages,0.00644800952472533,0.010291159172779814,-0.003843149648054484,0.6403596403596403,1.0,No
B cells,stroma,0.007177623596390423,0.0032140616392032717,0.003963561957187152,0.6623376623376623,1.0,No
B cells,tumor cells,0.009451774493071009,0.010335915852002149,-0.0008841413589311398,0.919080919080919,1.0,No
B cells,CD4+ T cells CD45RO+,0.006254796466989758,0.007025470871783869,-0.0007706744047941113,0.8711288711288712,1.0,No
B cells,vasculature,0.0008909868519674692,0.0012085773970178894,-0.00031759054505042024,0.8071928071928072,1.0,No
B cells,granulocytes,0.0035959958347220825,0.0028130875127110517,0.0007829083220110308,0.8151848151848152,1.0,No
CD11c+ DCs,CD3+ T cells,0.0,0.0,0.0,1.0,1.0,No
CD11c+ DCs,CD163+ macrophages,0.0,0.0,0.0,1.0,1.0,No
CD11c+ DCs,CD4+ T cells GATA3+,0.0,0.0,0.0,1.0,1.0,No
CD11b+CD68+ macrophages,vasculature,0.0,0.00835898225094901,-0.00835898225094901,0.5074925074925075,1.0,No
CD11b+CD68+ macrophages,granulocytes,0.0007739938080495355,0.009420797351298549,-0.008646803543249013,0.24375624375624375,1.0,No
B cells,CD3+ T cells,8.903926631644555e-05,0.0,8.903926631644555e-05,0.5034965034965035,1.0,No
B cells,CD163+ macrophages,0.0,0.0,0.0,1.0,1.0,No
B cells,CD4+ T cells GATA3+,0.0,0.0,0.0,1.0,1.0,No
B cells,CD11b+ monocytes,0.0,0.0,0.0,1.0,1.0,No
B cells,lymphatics,0.0,0.0,0.0,1.0,1.0,No
B cells,CD68+ macrophages,0.0,0.0,0.0,1.0,1.0,No
B cells,CD68+ macrophages GzmB+,0.0,0.0,0.0,1.0,1.0,No
B cells,nerves,1.841552797318699e-05,0.0,1.841552797318699e-05,0.11488511488511488,1.0,No
B cells,NK cells,0.0,0.0,0.0,1.0,1.0,No
B cells,immune cells,0.002591105811530001,0.0,0.002591105811530001,0.16083916083916083,1.0,No
B cells,immune cells / vasculature,0.0007861838979170446,0.0,0.0007861838979170446,0.13386613386613386,1.0,No
B cells,tumor cells / immune cells,0.00016698000253529847,0.0,0.00016698000253529847,0.5534465534465535,1.0,No
B cells,smooth muscle,0.0017439913412107602,0.002609986799638704,-0.0008659954584279439,0.6383616383616384,1.0,No
B cells,CD11b+CD68+ macrophages,7.589556769884639e-05,0.00019631034836759348,-0.00012041478066874708,0.7952047952047953,1.0,No
CD11b+CD68+ macrophages,immune cells,0.0,0.0,0.0,1.0,1.0,No
CD11b+CD68+ macrophages,immune cells / vasculature,0.0,0.0,0.0,1.0,1.0,No
CD11b+CD68+ macrophages,tumor cells / immune cells,0.0,0.0,0.0,1.0,1.0,No
CD11b+CD68+ macrophages,smooth muscle,0.006683375104427736,0.016871644266611946,-0.01018826916218421,0.5474525474525475,1.0,No
CD11b+CD68+ macrophages,CD11b+CD68+ macrophages,0.0,0.0004103826818508259,-0.0004103826818508259,0.999000999000999,1.0,No
CD11b+CD68+ macrophages,B cells,0.027777777777777776,0.01201923076923077,0.015758547008547008,0.5514485514485514,1.0,No
CD11b+CD68+ macrophages,CD11c+ DCs,0.0,0.0,0.0,1.0,1.0,No
CD11b+CD68+ macrophages,CD4+ T cells,0.0,0.0,0.0,1.0,1.0,No
CD11b+CD68+ macrophages,CD8+ T cells,0.0,0.00229748265540496,-0.00229748265540496,0.2967032967032967,1.0,No
CD11b+CD68+ macrophages,plasma cells,0.0,0.003703703703703704,-0.003703703703703704,0.998001998001998,1.0,No
CD11b+CD68+ macrophages,adipocytes,0.0,0.0,0.0,1.0,1.0,No
CD11b+CD68+ macrophages,CD68+CD163+ macrophages,0.016917293233082706,0.008236981021791148,0.008680312211291558,0.5814185814185814,1.0,No
CD11b+CD68+ macrophages,stroma,0.02631578947368421,0.019038639607383254,0.007277149866300955,0.5164835164835165,1.0,No
CD11b+CD68+ macrophages,tumor cells,0.0,0.0011301989150090414,-0.0011301989150090414,0.4775224775224775,1.0,No
CD11b+CD68+ macrophages,CD4+ T cells CD45RO+,0.0,0.0,0.0,1.0,1.0,No
smooth muscle,adipocytes,8.09541391019084e-05,0.00014088475626937167,-5.993061716746327e-05,0.7622377622377622,1.0,No
smooth muscle,CD68+CD163+ macrophages,0.003860000095744006,0.005699493522538278,-0.001839493426794272,0.26173826173826176,1.0,No
smooth muscle,stroma,0.003006847248357175,0.004815486332514296,-0.0018086390841571213,0.21178821178821178,1.0,No
smooth muscle,tumor cells,0.002630881487798431,0.0045927278313652046,-0.0019618463435667737,0.36563436563436563,1.0,No
smooth muscle,vasculature,0.0033844952646479975,0.0016348297510316114,0.001749665513616386,0.25374625374625376,1.0,No
smooth muscle,granulocytes,0.0008554692457870626,0.0019444605382311416,-0.001088991292444079,0.1108891108891109,1.0,No
CD11b+CD68+ macrophages,CD3+ T cells,0.0,0.0,0.0,1.0,1.0,No
CD11b+CD68+ macrophages,CD163+ macrophages,0.0,0.0,0.0,1.0,1.0,No
CD11b+CD68+ macrophages,CD4+ T cells GATA3+,0.0,0.0,0.0,1.0,1.0,No
CD11b+CD68+ macrophages,CD11b+ monocytes,0.0,0.015625,-0.015625,0.949050949050949,1.0,No
CD11b+CD68+ macrophages,lymphatics,0.0,0.0,0.0,1.0,1.0,No
CD11b+CD68+ macrophages,CD68+ macrophages,0.0,0.020253164556962026,-0.020253164556962026,0.9820179820179821,1.0,No
CD11b+CD68+ macrophages,CD68+ macrophages GzmB+,0.0,0.0,0.0,1.0,1.0,No
CD11b+CD68+ macrophages,nerves,0.0,0.0,0.0,1.0,1.0,No
CD11b+CD68+ macrophages,NK cells,0.0,0.0,0.0,1.0,1.0,No
smooth muscle,lymphatics,0.0,6.740415827563059e-05,-6.740415827563059e-05,0.4785214785214785,1.0,No
smooth muscle,CD68+ macrophages,0.00028504641077113353,0.0005888700882898845,-0.000303823677518751,0.4045954045954046,1.0,No
smooth muscle,CD68+ macrophages GzmB+,0.0,0.0,0.0,1.0,1.0,No
smooth muscle,nerves,3.7537537537537536e-05,1.892935564473385e-05,1.8608181892803684e-05,0.5834165834165834,1.0,No
smooth muscle,NK cells,0.0,0.0,0.0,1.0,1.0,No
smooth muscle,immune cells,0.003728943873628294,2.6488662852299217e-05,0.0037024552107759946,0.25274725274725274,1.0,No
smooth muscle,immune cells / vasculature,0.00020734526204848136,0.0003362900459089207,-0.00012894478386043934,0.6323676323676324,1.0,No
smooth muscle,tumor cells / immune cells,6.998880179171333e-05,0.0,6.998880179171333e-05,0.9660339660339661,1.0,No
smooth muscle,smooth muscle,0.015948587704609076,0.018031974291670694,-0.0020833865870616176,0.6503496503496503,1.0,No
smooth muscle,CD11b+CD68+ macrophages,0.00030358153448136474,0.0005148271628710884,-0.00021124562838972365,0.7042957042957043,1.0,No
smooth muscle,B cells,0.0006418947631921285,0.0003703742602704261,0.00027152050292170236,0.4865134865134865,1.0,No
smooth muscle,CD11c+ DCs,0.0,2.541942043721403e-05,-2.541942043721403e-05,0.7642357642357642,1.0,No
smooth muscle,CD4+ T cells,0.014705882352941176,0.0,0.014705882352941176,0.07192807192807193,1.0,No
smooth muscle,Tregs,0.0,0.0002862024823906236,-0.0002862024823906236,0.11888111888111888,1.0,No
smooth muscle,plasma cells,0.0006062666006121778,0.00040353004726355346,0.00020273655334862432,0.5504495504495505,1.0,No
tumor cells / immune cells,CD11c+ DCs,0.0,0.0,0.0,1.0,1.0,No
tumor cells / immune cells,CD4+ T cells,0.00015698587127158556,0.0,0.00015698587127158556,0.33966033966033965,1.0,No
tumor cells / immune cells,Tregs,8.873114463176575e-05,0.0,8.873114463176575e-05,0.954045954045954,1.0,No
tumor cells / immune cells,plasma cells,0.0,0.0,0.0,1.0,1.0,No
tumor cells / immune cells,adipocytes,0.0014005602240896359,0.0002527075812274368,0.001147852642862199,0.999000999000999,1.0,No
tumor cells / immune cells,CD68+CD163+ macrophages,0.02777777777777778,2.5070196550340957e-05,0.02775270758122744,0.3196803196803197,1.0,No
tumor cells / immune cells,stroma,0.00510204081632653,0.0,0.00510204081632653,0.985014985014985,1.0,No
tumor cells / immune cells,tumor cells,0.01629645055301032,0.016885265757106912,-0.0005888152040965933,0.964035964035964,1.0,No
tumor cells / immune cells,CD4+ T cells CD45RO+,0.006535471331389698,0.0,0.006535471331389698,0.2817182817182817,1.0,No
tumor cells / immune cells,granulocytes,0.0,0.0,0.0,1.0,1.0,No
smooth muscle,CD3+ T cells,0.0,0.0,0.0,1.0,1.0,No
smooth muscle,CD163+ macrophages,0.0,0.0,0.0,1.0,1.0,No
smooth muscle,CD4+ T cells GATA3+,0.0,0.0,0.0,1.0,1.0,No
smooth muscle,CD11b+ monocytes,0.0,0.0,0.0,1.0,1.0,No
immune cells / vasculature,granulocytes,0.004777807486631016,0.0038470285889750503,0.0009307788976559658,0.8081918081918081,1.0,No
tumor cells / immune cells,CD3+ T cells,0.0,0.0,0.0,1.0,1.0,No
tumor cells / immune cells,CD163+ macrophages,0.0,0.0,0.0,1.0,1.0,No
tumor cells / immune cells,CD4+ T cells GATA3+,0.0,0.0,0.0,1.0,1.0,No
tumor cells / immune cells,CD11b+ monocytes,0.0,0.0,0.0,1.0,1.0,No
tumor cells / immune cells,lymphatics,0.0,0.0,0.0,1.0,1.0,No
tumor cells / immune cells,CD68+ macrophages,0.0,0.0,0.0,1.0,1.0,No
tumor cells / immune cells,CD68+ macrophages GzmB+,0.0,0.0,0.0,1.0,1.0,No
tumor cells / immune cells,nerves,0.0,0.0,0.0,1.0,1.0,No
tumor cells / immune cells,NK cells,0.0,0.0,0.0,1.0,1.0,No
tumor cells / immune cells,immune cells,0.0,0.0,0.0,1.0,1.0,No
tumor cells / immune cells,immune cells / vasculature,0.0,0.0,0.0,1.0,1.0,No
tumor cells / immune cells,smooth muscle,0.02127659574468085,0.0,0.02127659574468085,0.9660339660339661,1.0,No
tumor cells / immune cells,CD11b+CD68+ macrophages,0.0,0.0,0.0,1.0,1.0,No
tumor cells / immune cells,B cells,0.001950113378684807,0.0,0.001950113378684807,0.45854145854145856,1.0,No
immune cells / vasculature,immune cells / vasculature,0.006597037744863832,0.007136015325670498,-0.0005389775808066662,0.993006993006993,1.0,No
immune cells / vasculature,tumor cells / immune cells,0.0,0.0,0.0,1.0,1.0,No
immune cells / vasculature,smooth muscle,0.007116692830978545,0.008986586837464032,-0.001869894006485487,0.9600399600399601,1.0,No
immune cells / vasculature,CD11b+CD68+ macrophages,0.0,0.0,0.0,1.0,1.0,No
immune cells / vasculature,B cells,0.022569444444444444,0.0,0.022569444444444444,0.0989010989010989,1.0,No
immune cells / vasculature,CD11c+ DCs,0.0,0.0,0.0,1.0,1.0,No
immune cells / vasculature,CD4+ T cells,0.0,0.0,0.0,1.0,1.0,No
immune cells / vasculature,Tregs,0.0,0.0,0.0,1.0,1.0,No
immune cells / vasculature,CD8+ T cells,0.01,0.0023946360153256708,0.0076053639846743295,0.27972027972027974,1.0,No
immune cells / vasculature,plasma cells,0.000641025641025641,0.0006149633342615798,2.6062306764061184e-05,0.948051948051948,1.0,No
immune cells / vasculature,adipocytes,0.0,0.0,0.0,1.0,1.0,No
immune cells / vasculature,CD68+CD163+ macrophages,0.005510789167338035,0.0028808974390870943,0.002629891728250941,0.4125874125874126,1.0,No
immune cells / vasculature,tumor cells,0.012076147559025571,0.02099220822281167,-0.008916060663786099,0.9250749250749251,1.0,No
immune cells / vasculature,CD4+ T cells CD45RO+,7.326007326007326e-05,0.0001240079365079365,-5.074786324786324e-05,0.9370629370629371,1.0,No
immune cells / vasculature,vasculature,0.002838983050847458,0.02114150018244846,-0.018302517131601,0.5054945054945055,1.0,No
immune cells,CD68+CD163+ macrophages,0.006738255455607139,0.0035714285714285713,0.003166826884178568,0.5544455544455544,1.0,No
immune cells,stroma,0.0027226103180817613,0.0020833333333333333,0.000639276984748428,0.7652347652347652,1.0,No
immune cells,tumor cells,0.018943238195269267,0.005,0.013943238195269266,0.24575424575424576,1.0,No
immune cells,CD4+ T cells CD45RO+,0.0038586159226995766,0.002564102564102564,0.0012945133585970125,0.6943056943056943,1.0,No
immune cells,vasculature,0.023087692212518388,0.008333333333333333,0.014754358879185055,0.8361638361638362,1.0,No
immune cells,granulocytes,0.0077861952861952854,0.025543478260869567,-0.01775728297467428,0.6123876123876124,1.0,No
immune cells / vasculature,CD3+ T cells,0.0,0.0,0.0,1.0,1.0,No
immune cells / vasculature,CD163+ macrophages,0.0,0.0,0.0,1.0,1.0,No
immune cells / vasculature,CD4+ T cells GATA3+,0.0,0.0,0.0,1.0,1.0,No
immune cells / vasculature,CD11b+ monocytes,0.0,0.0,0.0,1.0,1.0,No
immune cells / vasculature,lymphatics,0.0,0.0,0.0,1.0,1.0,No
immune cells / vasculature,CD68+ macrophages,0.0,0.00012860082304526747,-0.00012860082304526747,0.998001998001998,1.0,No
immune cells / vasculature,CD68+ macrophages GzmB+,0.0,0.0,0.0,1.0,1.0,No
immune cells / vasculature,nerves,0.0,0.0,0.0,1.0,1.0,No
immune cells / vasculature,NK cells,0.0,0.0,0.0,1.0,1.0,No
immune cells / vasculature,immune cells,0.0,0.0,0.0,1.0,1.0,No
immune cells,CD68+ macrophages,0.0,0.0,0.0,1.0,1.0,No
immune cells,CD68+ macrophages GzmB+,0.0,0.0,0.0,1.0,1.0,No
immune cells,nerves,0.0,0.0,0.0,1.0,1.0,No
immune cells,NK cells,0.0,0.0,0.0,1.0,1.0,No
immune cells,immune cells,0.0016334406532288535,0.0,0.0016334406532288535,0.17582417582417584,1.0,No
immune cells,immune cells / vasculature,0.0,0.0,0.0,1.0,1.0,No
immune cells,tumor cells / immune cells,0.0,0.0,0.0,1.0,1.0,No
immune cells,smooth muscle,0.0008860870075244302,0.008547008547008546,-0.007660921539484116,0.7072927072927073,1.0,No
immune cells,CD11b+CD68+ macrophages,0.0,0.0,0.0,1.0,1.0,No
immune cells,B cells,0.005947328940912482,0.0,0.005947328940912482,0.15584415584415584,1.0,No
immune cells,CD11c+ DCs,0.0,0.0,0.0,1.0,1.0,No
immune cells,CD4+ T cells,0.0008626128040951734,0.0007246376811594203,0.00013797512293575308,0.8721278721278721,1.0,No
immune cells,Tregs,4.533502584096473e-05,0.0,4.533502584096473e-05,0.6663336663336663,1.0,No
immune cells,CD8+ T cells,0.0006627163311800666,0.025,-0.024337283668819935,0.37962037962037964,1.0,No
immune cells,plasma cells,0.0029983182864223757,0.0,0.0029983182864223757,0.6463536463536463,1.0,No
immune cells,adipocytes,0.0,0.0,0.0,1.0,1.0,No
NK cells,CD4+ T cells,0.0,0.0,0.0,1.0,1.0,No
NK cells,Tregs,0.0,0.0,0.0,1.0,1.0,No
NK cells,CD8+ T cells,0.0,0.0005555555555555556,-0.0005555555555555556,0.7712287712287712,1.0,No
NK cells,plasma cells,0.0,0.0,0.0,1.0,1.0,No
NK cells,adipocytes,0.0,0.0,0.0,1.0,1.0,No
NK cells,CD68+CD163+ macrophages,0.0,0.0,0.0,1.0,1.0,No
NK cells,stroma,0.0,0.0005555555555555556,-0.0005555555555555556,0.7712287712287712,1.0,No
NK cells,tumor cells,0.0,0.0,0.0,1.0,1.0,No
NK cells,CD4+ T cells CD45RO+,0.0,0.0,0.0,1.0,1.0,No
NK cells,vasculature,0.0,0.0,0.0,1.0,1.0,No
NK cells,granulocytes,0.0,0.0,0.0,1.0,1.0,No
immune cells,CD3+ T cells,0.0,0.0,0.0,1.0,1.0,No
immune cells,CD163+ macrophages,0.0,0.0,0.0,1.0,1.0,No
immune cells,CD4+ T cells GATA3+,0.0,0.0,0.0,1.0,1.0,No
immune cells,CD11b+ monocytes,0.0,0.0,0.0,1.0,1.0,No
immune cells,lymphatics,0.0,0.0,0.0,1.0,1.0,No
nerves,vasculature,0.0,0.0,0.0,1.0,1.0,No
nerves,granulocytes,0.004878048780487805,0.0,0.004878048780487805,0.2017982017982018,1.0,No
NK cells,CD3+ T cells,0.0,0.0,0.0,1.0,1.0,No
NK cells,CD11b+ monocytes,0.0,0.0,0.0,1.0,1.0,No
NK cells,lymphatics,0.0,0.0,0.0,1.0,1.0,No
NK cells,CD68+ macrophages,0.0,0.0,0.0,1.0,1.0,No
NK cells,CD68+ macrophages GzmB+,0.0,0.0,0.0,1.0,1.0,No
NK cells,nerves,0.0,0.0,0.0,1.0,1.0,No
NK cells,NK cells,0.0,0.0,0.0,1.0,1.0,No
NK cells,immune cells,0.0,0.0,0.0,1.0,1.0,No
NK cells,immune cells / vasculature,0.0,0.0,0.0,1.0,1.0,No
NK cells,tumor cells / immune cells,0.0,0.0,0.0,1.0,1.0,No
NK cells,smooth muscle,0.0,0.0,0.0,1.0,1.0,No
NK cells,CD11b+CD68+ macrophages,0.0,0.0,0.0,1.0,1.0,No
NK cells,B cells,0.0,0.0,0.0,1.0,1.0,No
NK cells,CD11c+ DCs,0.0,0.0,0.0,1.0,1.0,No
nerves,immune cells,0.0,0.0,0.0,1.0,1.0,No
nerves,immune cells / vasculature,0.0,0.0,0.0,1.0,1.0,No
nerves,tumor cells / immune cells,0.0,0.0,0.0,1.0,1.0,No
nerves,smooth muscle,0.0025,0.0006447453255963894,0.0018552546744036106,0.5834165834165834,1.0,No
nerves,CD11b+CD68+ macrophages,0.0,0.0,0.0,1.0,1.0,No
nerves,B cells,0.0017543859649122807,0.0,0.0017543859649122807,0.11488511488511488,1.0,No
nerves,CD11c+ DCs,0.0,0.0,0.0,1.0,1.0,No
nerves,CD4+ T cells,0.0,0.0,0.0,1.0,1.0,No
nerves,Tregs,0.001349527665317139,0.0,0.001349527665317139,0.0989010989010989,1.0,No
nerves,CD8+ T cells,0.004878048780487805,0.0070921985815602835,-0.0022141498010724786,0.932067932067932,1.0,No
nerves,plasma cells,0.0,0.0,0.0,1.0,1.0,No
nerves,adipocytes,0.0,0.0,0.0,1.0,1.0,No
nerves,CD68+CD163+ macrophages,0.006097560975609756,0.0,0.006097560975609756,0.2007992007992008,1.0,No
nerves,stroma,0.007317073170731707,0.014286401958492073,-0.006969328787760366,0.6793206793206793,1.0,No
nerves,tumor cells,0.005816135084427768,0.0070921985815602835,-0.0012760634971325157,0.971028971028971,1.0,No
nerves,CD4+ T cells CD45RO+,0.0,0.0,0.0,1.0,1.0,No
CD68+ macrophages GzmB+,adipocytes,0.0,0.0,0.0,1.0,1.0,No
CD68+ macrophages GzmB+,CD68+CD163+ macrophages,0.0021929824561403508,0.008,-0.005807017543859649,0.951048951048951,1.0,No
CD68+ macrophages GzmB+,stroma,0.0,0.0,0.0,1.0,1.0,No
CD68+ macrophages GzmB+,tumor cells,0.009711779448621553,0.0,0.009711779448621553,0.07692307692307693,1.0,No
CD68+ macrophages GzmB+,CD4+ T cells CD45RO+,0.0,0.0,0.0,1.0,1.0,No
CD68+ macrophages GzmB+,vasculature,0.0,0.0,0.0,1.0,1.0,No
CD68+ macrophages GzmB+,granulocytes,0.0,0.0,0.0,1.0,1.0,No
nerves,CD3+ T cells,0.0,0.0,0.0,1.0,1.0,No
nerves,CD163+ macrophages,0.0,0.0,0.0,1.0,1.0,No
nerves,CD4+ T cells GATA3+,0.0,0.0,0.0,1.0,1.0,No
nerves,CD11b+ monocytes,0.0,0.0,0.0,1.0,1.0,No
nerves,lymphatics,0.0,0.0,0.0,1.0,1.0,No
nerves,CD68+ macrophages,0.0,0.0,0.0,1.0,1.0,No
nerves,CD68+ macrophages GzmB+,0.0,0.0,0.0,1.0,1.0,No
nerves,nerves,0.004656319290465632,0.0022407756531106922,0.00241554363735494,0.5024975024975025,1.0,No
nerves,NK cells,0.0,0.0,0.0,1.0,1.0,No
CD68+ macrophages GzmB+,lymphatics,0.0,0.0,0.0,1.0,1.0,No
CD68+ macrophages GzmB+,CD68+ macrophages,0.0,0.0,0.0,1.0,1.0,No
CD68+ macrophages GzmB+,CD68+ macrophages GzmB+,0.008771929824561403,0.042666666666666665,-0.03389473684210526,0.4805194805194805,1.0,No
CD68+ macrophages GzmB+,nerves,0.0,0.0,0.0,1.0,1.0,No
CD68+ macrophages GzmB+,NK cells,0.0,0.0,0.0,1.0,1.0,No
CD68+ macrophages GzmB+,immune cells,0.0,0.0,0.0,1.0,1.0,No
CD68+ macrophages GzmB+,immune cells / vasculature,0.0,0.0,0.0,1.0,1.0,No
CD68+ macrophages GzmB+,tumor cells / immune cells,0.0,0.0,0.0,1.0,1.0,No
CD68+ macrophages GzmB+,smooth muscle,0.0,0.0,0.0,1.0,1.0,No
CD68+ macrophages GzmB+,CD11b+CD68+ macrophages,0.0,0.0,0.0,1.0,1.0,No
CD68+ macrophages GzmB+,B cells,0.0,0.0,0.0,1.0,1.0,No
CD68+ macrophages GzmB+,CD11c+ DCs,0.0,0.0,0.0,1.0,1.0,No
CD68+ macrophages GzmB+,CD4+ T cells,0.0,0.0,0.0,1.0,1.0,No
CD68+ macrophages GzmB+,Tregs,0.0,0.0,0.0,1.0,1.0,No
CD68+ macrophages GzmB+,CD8+ T cells,0.0,0.0,0.0,1.0,1.0,No
CD68+ macrophages GzmB+,plasma cells,0.0,0.0,0.0,1.0,1.0,No
CD68+ macrophages,B cells,0.0,0.0,0.0,1.0,1.0,No
CD68+ macrophages,CD11c+ DCs,0.0,0.0,0.0,1.0,1.0,No
CD68+ macrophages,CD4+ T cells,0.0,0.0,0.0,1.0,1.0,No
CD68+ macrophages,Tregs,0.0,0.0,0.0,1.0,1.0,No
CD68+ macrophages,CD8+ T cells,0.0004526935264825713,0.0007082660928814775,-0.0002555725663989062,0.8041958041958042,1.0,No
CD68+ macrophages,plasma cells,0.0,0.0,0.0,1.0,1.0,No
CD68+ macrophages,adipocytes,0.0,0.0,0.0,1.0,1.0,No
CD68+ macrophages,CD68+CD163+ macrophages,0.05159020055972713,0.017728623451259796,0.033861577108467336,0.2977022977022977,1.0,No
CD68+ macrophages,stroma,0.00447234023808118,0.003591232868507103,0.000881107369574077,0.7642357642357642,1.0,No
CD68+ macrophages,CD4+ T cells CD45RO+,0.003955264593562466,0.004232317927170869,-0.00027705333360840325,0.922077922077922,1.0,No
CD68+ macrophages,vasculature,0.0010131712259371832,0.0038037095179952324,-0.002790538292058049,0.7342657342657343,1.0,No
CD68+ macrophages,granulocytes,0.001519756838905775,0.009331175918223782,-0.007811419079318007,0.08291708291708291,1.0,No
CD68+ macrophages GzmB+,CD3+ T cells,0.0,0.0,0.0,1.0,1.0,No
CD68+ macrophages GzmB+,CD163+ macrophages,0.0,0.0,0.0,1.0,1.0,No
CD68+ macrophages GzmB+,CD11b+ monocytes,0.0,0.0,0.0,1.0,1.0,No
lymphatics,vasculature,0.0,0.0008818342151675485,-0.0008818342151675485,0.997002997002997,1.0,No
lymphatics,granulocytes,0.0,0.0,0.0,1.0,1.0,No
CD68+ macrophages,CD3+ T cells,0.0,0.0,0.0,1.0,1.0,No
CD68+ macrophages,CD163+ macrophages,0.0,0.0,0.0,1.0,1.0,No
CD68+ macrophages,CD4+ T cells GATA3+,0.0,0.0,0.0,1.0,1.0,No
CD68+ macrophages,CD11b+ monocytes,0.0,0.0,0.0,1.0,1.0,No
CD68+ macrophages,lymphatics,0.0,0.0,0.0,1.0,1.0,No
CD68+ macrophages,CD68+ macrophages,0.00851063829787234,0.0017422161172161172,0.006768422180656223,0.6183816183816184,1.0,No
CD68+ macrophages,CD68+ macrophages GzmB+,0.0,0.0,0.0,1.0,1.0,No
CD68+ macrophages,nerves,0.0,0.0,0.0,1.0,1.0,No
CD68+ macrophages,NK cells,0.0,0.0,0.0,1.0,1.0,No
CD68+ macrophages,immune cells,0.0,0.0,0.0,1.0,1.0,No
CD68+ macrophages,immune cells / vasculature,0.0,0.00018896447467876037,-0.00018896447467876037,0.998001998001998,1.0,No
CD68+ macrophages,tumor cells / immune cells,0.0,0.0,0.0,1.0,1.0,No
CD68+ macrophages,smooth muscle,0.007665030005455538,0.01284917290886392,-0.005184142903408383,0.5534465534465535,1.0,No
CD68+ macrophages,CD11b+CD68+ macrophages,0.0,0.00030776515151515155,-0.00030776515151515155,0.4965034965034965,1.0,No
lymphatics,immune cells,0.0,0.0,0.0,1.0,1.0,No
lymphatics,immune cells / vasculature,0.0,0.0,0.0,1.0,1.0,No
lymphatics,tumor cells / immune cells,0.0,0.0,0.0,1.0,1.0,No
lymphatics,smooth muscle,0.0,0.0024691358024691358,-0.0024691358024691358,0.5024975024975025,1.0,No
lymphatics,CD11b+CD68+ macrophages,0.0,0.0,0.0,1.0,1.0,No
lymphatics,B cells,0.0,0.0,0.0,1.0,1.0,No
lymphatics,CD11c+ DCs,0.0,0.0,0.0,1.0,1.0,No
lymphatics,CD4+ T cells,0.0,0.0,0.0,1.0,1.0,No
lymphatics,Tregs,0.0,0.0,0.0,1.0,1.0,No
lymphatics,CD8+ T cells,0.0,0.0,0.0,1.0,1.0,No
lymphatics,plasma cells,0.0,0.012345679012345678,-0.012345679012345678,0.995004995004995,1.0,No
lymphatics,adipocytes,0.0,0.0,0.0,1.0,1.0,No
lymphatics,CD68+CD163+ macrophages,0.0,0.0,0.0,1.0,1.0,No
lymphatics,stroma,0.0,0.023765432098765433,-0.023765432098765433,0.5654345654345654,1.0,No
lymphatics,tumor cells,0.0,0.0,0.0,1.0,1.0,No
lymphatics,CD4+ T cells CD45RO+,0.0,0.0,0.0,1.0,1.0,No
CD11b+ monocytes,plasma cells,0.0,0.0,0.0,1.0,1.0,No
CD11b+ monocytes,adipocytes,0.0,0.0,0.0,1.0,1.0,No
CD11b+ monocytes,CD68+CD163+ macrophages,0.0,0.09538131041890441,-0.09538131041890441,0.7942057942057942,1.0,No
CD11b+ monocytes,stroma,0.0078125,0.04834297093026108,-0.04053047093026108,0.8771228771228772,1.0,No
CD11b+ monocytes,tumor cells,0.0,7.16075904045829e-05,-7.16075904045829e-05,0.8421578421578422,1.0,No
CD11b+ monocytes,CD4+ T cells CD45RO+,0.015625,7.16075904045829e-05,0.015553392409595418,0.2127872127872128,1.0,No
CD11b+ monocytes,vasculature,0.0,0.0,0.0,1.0,1.0,No
CD11b+ monocytes,granulocytes,0.03125,7.16075904045829e-05,0.031178392409595416,0.2127872127872128,1.0,No
lymphatics,CD3+ T cells,0.0,0.0,0.0,1.0,1.0,No
lymphatics,CD163+ macrophages,0.0,0.0,0.0,1.0,1.0,No
lymphatics,CD11b+ monocytes,0.0,0.0,0.0,1.0,1.0,No
lymphatics,lymphatics,0.019230769230769232,0.009259259259259259,0.009971509971509973,0.4985014985014985,1.0,No
lymphatics,CD68+ macrophages,0.0,0.0,0.0,1.0,1.0,No
lymphatics,CD68+ macrophages GzmB+,0.0,0.0,0.0,1.0,1.0,No
lymphatics,nerves,0.0,0.0,0.0,1.0,1.0,No
lymphatics,NK cells,0.0,0.0,0.0,1.0,1.0,No
CD11b+ monocytes,CD11b+ monocytes,0.0,0.0011457214464733263,-0.0011457214464733263,0.8421578421578422,1.0,No
CD11b+ monocytes,lymphatics,0.0,0.0,0.0,1.0,1.0,No
CD11b+ monocytes,CD68+ macrophages,0.0,0.0,0.0,1.0,1.0,No
CD11b+ monocytes,CD68+ macrophages GzmB+,0.0,0.0,0.0,1.0,1.0,No
CD11b+ monocytes,nerves,0.0,0.0,0.0,1.0,1.0,No
CD11b+ monocytes,NK cells,0.0,0.0,0.0,1.0,1.0,No
CD11b+ monocytes,immune cells,0.0,0.0,0.0,1.0,1.0,No
CD11b+ monocytes,immune cells / vasculature,0.0,0.0,0.0,1.0,1.0,No
CD11b+ monocytes,tumor cells / immune cells,0.0,0.0,0.0,1.0,1.0,No
CD11b+ monocytes,smooth muscle,0.0,0.0,0.0,1.0,1.0,No
CD11b+ monocytes,CD11b+CD68+ macrophages,0.0,0.0625,-0.0625,0.949050949050949,1.0,No
CD11b+ monocytes,B cells,0.0,0.0,0.0,1.0,1.0,No
CD11b+ monocytes,CD11c+ DCs,0.0,0.0,0.0,1.0,1.0,No
CD11b+ monocytes,CD4+ T cells,0.0,0.0,0.0,1.0,1.0,No
CD11b+ monocytes,Tregs,0.0,0.0,0.0,1.0,1.0,No
CD11b+ monocytes,CD8+ T cells,0.0,0.0007239233112134543,-0.0007239233112134543,0.5544455544455544,1.0,No
CD4+ T cells GATA3+,CD11b+CD68+ macrophages,0.0,0.0,0.0,1.0,1.0,No
CD4+ T cells GATA3+,B cells,0.0,0.0,0.0,1.0,1.0,No
CD4+ T cells GATA3+,CD11c+ DCs,0.0,0.0,0.0,1.0,1.0,No
CD4+ T cells GATA3+,CD4+ T cells,0.0,0.0,0.0,1.0,1.0,No
CD4+ T cells GATA3+,Tregs,0.0,0.0,0.0,1.0,1.0,No
CD4+ T cells GATA3+,CD8+ T cells,0.004166666666666667,0.0,0.004166666666666667,0.6741116751269035,1.0,No
CD4+ T cells GATA3+,plasma cells,0.0,0.0,0.0,1.0,1.0,No
CD4+ T cells GATA3+,adipocytes,0.0,0.0,0.0,1.0,1.0,No
CD4+ T cells GATA3+,CD68+CD163+ macrophages,0.0,0.0,0.0,1.0,1.0,No
CD4+ T cells GATA3+,stroma,0.0,0.0,0.0,1.0,1.0,No
CD4+ T cells GATA3+,tumor cells,0.0,0.0,0.0,1.0,1.0,No
CD4+ T cells GATA3+,CD4+ T cells CD45RO+,0.0,0.0,0.0,1.0,1.0,No
CD4+ T cells GATA3+,vasculature,0.0,0.0,0.0,1.0,1.0,No
CD4+ T cells GATA3+,granulocytes,0.0,0.0,0.0,1.0,1.0,No
CD11b+ monocytes,CD3+ T cells,0.0,0.0,0.0,1.0,1.0,No
CD11b+ monocytes,CD163+ macrophages,0.0,0.0,0.0,1.0,1.0,No
CD163+ macrophages,plasma cells,0.0,0.0,0.0,1.0,1.0,No
CD163+ macrophages,adipocytes,0.0,0.0,0.0,1.0,1.0,No
CD163+ macrophages,CD68+CD163+ macrophages,0.0,0.1,-0.1,0.8201798201798202,1.0,No
CD163+ macrophages,stroma,0.03571428571428571,0.0,0.03571428571428571,0.24175824175824176,1.0,No
CD163+ macrophages,tumor cells,0.0,0.0,0.0,1.0,1.0,No
CD163+ macrophages,CD4+ T cells CD45RO+,0.0,0.0,0.0,1.0,1.0,No
CD163+ macrophages,vasculature,0.0,0.0,0.0,1.0,1.0,No
CD163+ macrophages,granulocytes,0.0,0.1,-0.1,0.7982017982017982,1.0,No
CD4+ T cells GATA3+,CD3+ T cells,0.0,0.0,0.0,1.0,1.0,No
CD4+ T cells GATA3+,CD4+ T cells GATA3+,0.0,0.0,0.0,1.0,1.0,No
CD4+ T cells GATA3+,CD68+ macrophages,0.0,0.0,0.0,1.0,1.0,No
CD4+ T cells GATA3+,nerves,0.0,0.0,0.0,1.0,1.0,No
CD4+ T cells GATA3+,immune cells,0.0,0.0,0.0,1.0,1.0,No
CD4+ T cells GATA3+,immune cells / vasculature,0.0,0.0,0.0,1.0,1.0,No
CD4+ T cells GATA3+,tumor cells / immune cells,0.0,0.0,0.0,1.0,1.0,No
CD4+ T cells GATA3+,smooth muscle,0.0,0.0,0.0,1.0,1.0,No
CD163+ macrophages,CD163+ macrophages,0.0,0.0,0.0,1.0,1.0,No
CD163+ macrophages,CD11b+ monocytes,0.0,0.0,0.0,1.0,1.0,No
CD163+ macrophages,lymphatics,0.0,0.0,0.0,1.0,1.0,No
CD163+ macrophages,CD68+ macrophages,0.0,0.0,0.0,1.0,1.0,No
CD163+ macrophages,CD68+ macrophages GzmB+,0.0,0.0,0.0,1.0,1.0,No
CD163+ macrophages,nerves,0.0,0.0,0.0,1.0,1.0,No
CD163+ macrophages,immune cells,0.0,0.0,0.0,1.0,1.0,No
CD163+ macrophages,immune cells / vasculature,0.0,0.0,0.0,1.0,1.0,No
CD163+ macrophages,tumor cells / immune cells,0.0,0.0,0.0,1.0,1.0,No
CD163+ macrophages,smooth muscle,0.0,0.0,0.0,1.0,1.0,No
CD163+ macrophages,CD11b+CD68+ macrophages,0.0,0.0,0.0,1.0,1.0,No
CD163+ macrophages,B cells,0.0,0.0,0.0,1.0,1.0,No
CD163+ macrophages,CD11c+ DCs,0.0,0.0,0.0,1.0,1.0,No
CD163+ macrophages,CD4+ T cells,0.0,0.0,0.0,1.0,1.0,No
CD163+ macrophages,Tregs,0.0,0.0,0.0,1.0,1.0,No
CD163+ macrophages,CD8+ T cells,0.0,0.0,0.0,1.0,1.0,No
vasculature,CD68+CD163+ macrophages,0.0045492680679905615,0.004272979560459321,0.0002762885075312405,0.906093906093906,1.0,No
vasculature,stroma,0.005997927628878551,0.008022700973664273,-0.0020247733447857222,0.6773226773226774,1.0,No
vasculature,tumor cells,0.0022392667118015293,0.007405358326274659,-0.00516609161447313,0.25774225774225773,1.0,No
vasculature,CD4+ T cells CD45RO+,0.0019604585710574903,0.0009294920142300929,0.0010309665568273975,0.15884115884115885,1.0,No
vasculature,vasculature,0.02416004685842403,0.02110618025187542,0.0030538666065486123,0.5224775224775224,1.0,No
vasculature,granulocytes,0.0037928191563722014,0.003570382132319125,0.0002224370240530766,0.971028971028971,1.0,No
granulocytes,CD3+ T cells,0.0,0.0,0.0,1.0,1.0,No
granulocytes,CD163+ macrophages,0.0,0.0004878048780487805,-0.0004878048780487805,0.7982017982017982,1.0,No
granulocytes,CD4+ T cells GATA3+,0.0,0.0,0.0,1.0,1.0,No
granulocytes,CD11b+ monocytes,0.00026371308016877635,0.0005537098560354374,-0.00028999677586666106,0.938061938061938,1.0,No
granulocytes,lymphatics,0.0,0.0,0.0,1.0,1.0,No
granulocytes,CD68+ macrophages GzmB+,0.0,0.0,0.0,1.0,1.0,No
granulocytes,nerves,5.018568704205561e-05,0.0,5.018568704205561e-05,0.2017982017982018,1.0,No
granulocytes,NK cells,0.0,0.0,0.0,1.0,1.0,No
granulocytes,immune cells,0.0008795143212951432,0.00036799465327812735,0.0005115196680170158,0.6383616383616384,1.0,No
CD3+ T cells,immune cells / vasculature,0.0,0.0,0.0,1.0,1.0,No
CD3+ T cells,immune cells,0.0,0.0,0.0,1.0,1.0,No
CD3+ T cells,NK cells,0.0,0.0,0.0,1.0,1.0,No
CD3+ T cells,nerves,0.0,0.0,0.0,1.0,1.0,No
CD3+ T cells,CD68+ macrophages GzmB+,0.0,0.0,0.0,1.0,1.0,No
CD3+ T cells,CD68+ macrophages,0.0,0.0,0.0,1.0,1.0,No
CD3+ T cells,lymphatics,0.0,0.0,0.0,1.0,1.0,No
CD3+ T cells,CD11b+ monocytes,0.0,0.0,0.0,1.0,1.0,No
CD3+ T cells,CD4+ T cells GATA3+,0.0,0.0,0.0,1.0,1.0,No
CD3+ T cells,CD163+ macrophages,0.0,0.0,0.0,1.0,1.0,No
CD3+ T cells,CD3+ T cells,0.0,0.0,0.0,1.0,1.0,No
granulocytes,vasculature,0.005915472882835713,0.0014538901065817612,0.004461582776253952,0.6503496503496503,1.0,No
